id,name,model_id:id,group_id:id,perm_read,perm_write,perm_create,perm_unlink
access_estate_property_user,access.estate.property.user,estate.model_estate_property,base.group_user,1,0,0,0
access_estate_property_manager,access.estate.property.manager,estate.model_estate_property,estate.estate_admin,1,1,1,1
access_estate_property_type_agent,access.estate.property.type.agent,estate.model_estate_property_type,base.group_user,1,0,0,0
access_estate_property_type_manager,access.estate.property.type.manager,estate.model_estate_property_type,estate.estate_admin,1,1,1,1
access_estate_property_tag_agent,access.estate.property.tag.agent,estate.model_estate_property_tag,base.group_user,1,0,0,0
access_estate_property_tag_manager,access.estate.property.tag.manager,estate.model_estate_property_tag,estate.estate_admin,1,1,1,1
access_estate_property_offer_agent,access.estate.property.offer.agent,estate.model_estate_property_offer,base.group_user,1,1,1,0
access_estate_property_offer_manager,access.estate.property.offer.manager,estate.model_estate_property_offer,estate.estate_admin,1,1,1,1
