<?xml version="1.0" encoding="utf-8"?>
<odoo>
    <record id="estate_property_r1" model="estate.property">
        <field name="name">Big Villa</field>
        <field name="description">A nice and big villa</field>
        <field name="postcode">12345</field>
        <field name="date_availability">2020-02-02</field>
        <field name="expected_price">1600000</field>
        <field name="bedrooms">6</field>
        <field name="living_area">100</field>
        <field name="facades">4</field>
        <field name="garage">True</field>
        <field name="garden">True</field>
        <field name="garden_area">100000</field>
        <field name="garden_orientation">S</field>
    </record>
</odoo>
